Entry Type,Entry,Owner Repo,Scope,Baseline Review Path,Baseline Reviewed On,Baseline Review Due On,Baseline Status,Baseline Decision,Latest Change Review Path,Latest Change Reviewed On,Latest Change Status,Latest Change Decision,Review Areas,Review Trigger IDs,Owner Artifacts
repo,context-governance-gateway,context-governance-gateway,component,docs/reviews/components/2026-05-05-context-governance-gateway-phase-1-local-custody.md,2026-05-05,2026-11-05,active,approved-with-findings,docs/reviews/components/2026-10-09-agent-console-composed-runtime.md,2026-10-09,current,approved,"identity, secrets, delivery, runtime, ai","agent-console-dedicated-caller-binding, agent-console-redaction-budget-and-custody, agent-console-raw-context-denial, agent-console-replay-and-receipt-integrity, agent-console-composition-only-activation","context-governance-gateway/docs/operating-model/agent-console-projection.md, context-governance-gateway/contracts/schemas/agent-console-context-projection-result.schema.json, context-governance-gateway/apps/api/src/cgg_api/agent_console.py"
repo,governance-operations-console,governance-operations-console,component,docs/reviews/components/2026-07-31-governance-operations-console-owner-repository-admission.md,2026-07-31,2027-01-31,active,approved-with-findings,docs/reviews/components/2026-10-09-agent-console-composed-runtime.md,2026-10-09,current,approved,"identity, secrets, delivery, runtime, ai","agent-console-server-only-oos-adapter, agent-console-same-origin-session-authorization, agent-console-exact-response-evidence, agent-console-direct-provider-removal, agent-console-exact-session-cleanup","governance-operations-console/src/agent-console/server/agent-console-oos-client.ts, governance-operations-console/src/agent-console/server/agent-interaction-route.ts, governance-operations-console/docs/product/agent-console-live-integration.md"
repo,openclaw-host-bridge,openclaw-host-bridge,component,docs/reviews/components/2026-04-18-openclaw-host-bridge-security-baseline.md,2026-04-18,2026-10-18,active,approved,docs/reviews/components/2026-04-18-openclaw-host-bridge-security-baseline.md,2026-04-18,baseline-current,approved,,,
repo,openclaw-runtime-distribution,openclaw-runtime-distribution,component,docs/reviews/components/2026-04-18-openclaw-runtime-distribution-security-baseline.md,2026-04-18,2026-10-18,active,approved,docs/reviews/products/2026-04-17-openclaw-telegram-overlay-governed-prod-lane.md,2026-04-17,current,approved-with-findings,"delivery, runtime",runtime-packaging-and-plugin-composition,"openclaw-runtime-distribution/deployment/telegram-runtime-migration.md, platform-engineering/products/openclaw/runtime-contract.md"
repo,openclaw-telegram-enhanced,openclaw-telegram-enhanced,component,docs/reviews/components/2026-04-18-openclaw-telegram-channel-security-baseline.md,2026-04-18,2026-10-18,active,approved,docs/reviews/components/2026-04-18-operator-orchestration-service-workflow-catalog-and-read-projection.md,2026-04-18,current,approved-with-findings,"runtime, delivery",telegram-command-routing-and-approval-surface,"openclaw-telegram-enhanced/src/idea-capture-command.ts, operator-orchestration-service/docs/contracts/intake-api-v1.md"
repo,operator-orchestration-service,operator-orchestration-service,component,docs/reviews/components/2026-04-18-operator-orchestration-service-runtime-admission.md,2026-04-18,2026-10-18,active,approved,docs/reviews/components/2026-10-09-agent-console-composed-runtime.md,2026-10-09,current,approved,"identity, secrets, delivery, runtime, ai","agent-console-caller-operator-session-binding, agent-console-cgg-model-evidence-chain, agent-console-revision-and-replay-integrity, agent-console-action-authority-separation, agent-console-dev-integration-source-activation","operator-orchestration-service/contracts/agent-console/manifest.json, operator-orchestration-service/src/agent-console/service.js, operator-orchestration-service/src/agent-console/runtime.js, operator-orchestration-service/docs/operations/agent-console-operator-surface.md"
repo,platform-engineering,platform-engineering,platform,docs/reviews/platform/2026-04-18-platform-engineering-security-baseline.md,2026-04-18,2026-10-18,active,approved-with-findings,docs/reviews/components/2026-10-09-agent-console-composed-runtime.md,2026-10-09,current,approved,"identity, secrets, delivery, runtime, ai","agent-console-governed-profile-admission, agent-console-exact-revision-security-gate, agent-console-private-operating-evidence, agent-console-composed-activation-order","platform-engineering/products/governance-operations-console/agent-console-commissioning-policy.yaml, platform-engineering/products/governance-operations-console/scripts/agent_console_platform.py, platform-engineering/security/governed-ai-model-profiles.yaml"
repo,workspace-governance,workspace-governance,component,docs/reviews/components/2026-04-22-workspace-governance-delegated-execution-governance.md,2026-04-22,2026-10-22,active,approved-with-findings,docs/reviews/components/2026-10-09-agent-console-composed-runtime.md,2026-10-09,current,approved,"identity, secrets, delivery, runtime","agent-console-composition-endpoint-binding, agent-console-composition-caller-binding, agent-console-composition-credential-binding, agent-console-paired-owner-activation","workspace-governance/contracts/developer-integration-profiles.yaml, workspace-governance/tests/test_developer_integration_runtime_composition.py, workspace-governance/docs/developer-integration-runtime-composition.md"
repo,workspace-governance-control-fabric,workspace-governance-control-fabric,component,docs/reviews/components/2026-04-30-workspace-governance-control-fabric-operator-surface.md,2026-04-30,2026-10-30,active,approved-with-findings,docs/reviews/components/2026-10-08-delivery-art-architecture-v6-activation-ownership.md,2026-10-08,current,approved,"delivery, runtime","delivery-art-v6-source-activation-ownership, delivery-art-v6-source-snapshot-revision-binding, delivery-art-v6-security-source-commissioning-order, delivery-art-v6-fail-closed-version-activation","workspace-governance/contracts/schemas/delivery-art-architecture-packet.schema.json, operator-orchestration-service/src/delivery-art/contracts.js, workspace-governance-control-fabric/packages/control_fabric_core/src/control_fabric_core/delivery_art_contracts.py"
repo,workspace-prototype-studio,workspace-prototype-studio,component,docs/reviews/components/2026-05-06-workspace-prototype-studio-product-incubation-baseline.md,2026-05-06,2026-11-06,active,approved-with-findings,docs/reviews/components/2026-10-09-model-profile-lifecycle-operating-boundary.md,2026-10-09,current,approved,"identity, secrets, delivery, runtime","preview-runtime-local-host-process-boundary, preview-runtime-reviewed-source-custody, preview-runtime-atomic-expected-state, preview-runtime-operating-proof-sequencing","workspace-prototype-studio/packages/prototype_preview/runtime.py, workspace-prototype-studio/schemas/prototype-preview-receipt.schema.json, workspace-prototype-studio/tests/test_prototype_preview.py"
product,governance-operations-console,platform-engineering,product,docs/reviews/products/2026-07-31-governance-operations-console-source-owned-local-preview.md,2026-07-31,2027-01-31,active,approved-with-findings,docs/reviews/products/2026-07-31-governance-operations-console-source-owned-local-preview.md,2026-07-31,baseline-current,approved-with-findings,,,
product,openclaw,platform-engineering,product,docs/reviews/products/2026-04-18-openclaw-security-baseline.md,2026-04-18,2026-10-18,active,approved,docs/reviews/products/2026-04-23-openclaw-governed-release-control-state.md,2026-04-23,current,approved-with-findings,"identity, secrets, delivery, runtime",openclaw-governed-release-control-standardization,"platform-engineering/products/openclaw/README.md, platform-engineering/products/openclaw/scripts/set_stage_environment_state.py, platform-engineering/products/openclaw/runtime-contract.md, platform-engineering/products/openclaw/runbooks/release-governance.md, platform-engineering/products/openclaw/verification-catalog.yaml, platform-engineering/products/openclaw/scripts/stage_readiness.py, platform-engineering/environments/stage/promotion-readiness.yaml"
product,openproject,platform-engineering,product,docs/reviews/products/2026-04-18-openproject-security-baseline.md,2026-04-18,2026-10-18,active,approved-with-findings,docs/reviews/components/2026-08-09-art-evidence-custody-and-source-provenance.md,2026-08-09,current,approved-with-findings,"identity, secrets, delivery, runtime","delivery-art-evidence-custody-boundary, delivery-art-source-provenance-integrity, delivery-art-object-storage-and-lifecycle, delivery-art-safe-openproject-projection","security-architecture/docs/reviews/components/2026-08-09-art-evidence-custody-and-source-provenance.md, workspace-governance/contracts/delivery-art-operator-path.yaml, workspace-governance/contracts/schemas/delivery-art-custody-receipt.schema.json, platform-engineering/products/openproject/runtime-contract.md"
component,argo-cd,platform-engineering,component,docs/reviews/components/2026-04-18-argo-cd-security-baseline.md,2026-04-18,2026-10-18,active,approved,docs/reviews/components/2026-04-18-argo-cd-security-baseline.md,2026-04-18,baseline-current,approved,,,
component,context-governance-gateway,context-governance-gateway,component,docs/reviews/components/2026-05-05-context-governance-gateway-phase-1-local-custody.md,2026-05-05,2026-11-05,active,approved-with-findings,docs/reviews/components/2026-10-09-agent-console-composed-runtime.md,2026-10-09,current,approved,"identity, secrets, delivery, runtime, ai","agent-console-dedicated-caller-binding, agent-console-redaction-budget-and-custody, agent-console-raw-context-denial, agent-console-replay-and-receipt-integrity, agent-console-composition-only-activation","context-governance-gateway/docs/operating-model/agent-console-projection.md, context-governance-gateway/contracts/schemas/agent-console-context-projection-result.schema.json, context-governance-gateway/apps/api/src/cgg_api/agent_console.py"
component,external-secrets,platform-engineering,component,docs/reviews/components/2026-04-18-external-secrets-security-baseline.md,2026-04-18,2026-10-18,active,approved,docs/reviews/components/2026-04-18-external-secrets-security-baseline.md,2026-04-18,baseline-current,approved,,,
component,governed-ai-gateway,platform-engineering,component,docs/reviews/components/2026-05-06-governed-ai-gateway-devint-runtime.md,2026-05-06,2026-11-06,active,approved-with-findings,docs/reviews/components/2026-10-09-agent-console-composed-runtime.md,2026-10-09,current,approved,"identity, secrets, delivery, runtime, ai","agent-console-profile-and-caller-admission, agent-console-provider-and-model-selection-boundary, agent-console-response-schema-and-audit-binding, agent-console-controlled-activation-order","platform-engineering/security/governed-ai-model-profiles.yaml, platform-engineering/security/governed-ai-access-plane.yaml, operator-orchestration-service/contracts/agent-console/manifest.json"
component,host-control-plugin,openclaw-runtime-distribution,component,docs/reviews/components/2026-04-18-host-control-plugin-security-baseline.md,2026-04-18,2026-10-18,active,approved,docs/reviews/components/2026-04-18-host-control-plugin-security-baseline.md,2026-04-18,baseline-current,approved,,,
component,observability,platform-engineering,component,docs/reviews/components/2026-04-18-observability-security-baseline.md,2026-04-18,2026-10-18,active,approved,docs/reviews/components/2026-04-24-observability-baseline-overlay-operator-access.md,2026-04-24,current,approved-with-findings,"identity, delivery, runtime",shared-platform-control-plane-and-secrets,"platform-engineering/docs/decisions/adr/ADR-015-platform-observability-baseline-and-overlay-model.md, platform-engineering/docs/components/observability/model.yaml, platform-engineering/docs/components/observability/release-governance.md, platform-engineering/docs/runbooks/access-platform-uis.md, platform-engineering/environments/shared/runtime-drills/environment-complete-runtime-drill.yaml, platform-engineering/docs/runbooks/platform-operator-catalog.yaml"
component,openclaw-host-bridge,openclaw-host-bridge,component,docs/reviews/components/2026-04-18-openclaw-host-bridge-security-baseline.md,2026-04-18,2026-10-18,active,approved,docs/reviews/components/2026-04-18-openclaw-host-bridge-security-baseline.md,2026-04-18,baseline-current,approved,,,
component,openclaw-runtime-distribution,openclaw-runtime-distribution,component,docs/reviews/components/2026-04-18-openclaw-runtime-distribution-security-baseline.md,2026-04-18,2026-10-18,active,approved,docs/reviews/products/2026-04-17-openclaw-telegram-overlay-governed-prod-lane.md,2026-04-17,current,approved-with-findings,"delivery, runtime",runtime-packaging-and-plugin-composition,"openclaw-runtime-distribution/deployment/telegram-runtime-migration.md, platform-engineering/products/openclaw/runtime-contract.md"
component,openclaw-telegram-channel,openclaw-telegram-enhanced,component,docs/reviews/components/2026-04-18-openclaw-telegram-channel-security-baseline.md,2026-04-18,2026-10-18,active,approved,docs/reviews/products/2026-04-17-openclaw-telegram-overlay-governed-prod-lane.md,2026-04-17,current,approved-with-findings,"delivery, runtime",telegram-command-routing-and-approval-surface,"openclaw-telegram-enhanced/docs/architecture.md, platform-engineering/products/openclaw/runtime-contract.md"
component,operator-orchestration-service,operator-orchestration-service,component,docs/reviews/components/2026-04-18-operator-orchestration-service-runtime-admission.md,2026-04-18,2026-10-18,active,approved,docs/reviews/components/2026-10-09-agent-console-composed-runtime.md,2026-10-09,current,approved,"identity, secrets, delivery, runtime, ai","agent-console-caller-operator-session-binding, agent-console-cgg-model-evidence-chain, agent-console-revision-and-replay-integrity, agent-console-action-authority-separation, agent-console-dev-integration-source-activation","operator-orchestration-service/contracts/agent-console/manifest.json, operator-orchestration-service/src/agent-console/service.js, operator-orchestration-service/src/agent-console/runtime.js, operator-orchestration-service/docs/operations/agent-console-operator-surface.md"
component,platform-postgresql,platform-engineering,component,docs/reviews/components/2026-04-18-platform-postgresql-security-baseline.md,2026-04-18,2026-10-18,active,approved,docs/reviews/components/2026-04-18-platform-postgresql-security-baseline.md,2026-04-18,baseline-current,approved,,,
component,temporal,platform-engineering,component,docs/reviews/components/2026-07-31-temporal-durable-orchestration-build-admission.md,2026-07-31,2027-01-31,active,approved-with-findings,docs/reviews/components/2026-08-14-temporal-chronology-correct-commissioning-authorization.md,2026-08-14,current,approved-with-findings,"identity, secrets, delivery, runtime","temporal-controlled-runtime-proof-authorization, temporal-component-commissioning-runtime-drill, temporal-baseline-attestation-and-exact-restore, temporal-bounded-worker-and-payload-boundary","security-architecture/docs/architecture/components/temporal/README.md, security-architecture/docs/reviews/components/2026-08-14-temporal-chronology-correct-commissioning-authorization.md, security-architecture/records/controlled-proof-authorizations/delivery-698-845-temporal-commissioning-20260814-v7.json, platform-engineering/docs/components/temporal/README.md, platform-engineering/dev-integration/profiles/temporal/profile.yaml, workspace-governance/contracts/durable-orchestration.yaml"
component,vault,platform-engineering,component,docs/reviews/components/2026-04-18-vault-security-baseline.md,2026-04-18,2026-10-18,active,approved,docs/reviews/components/2026-04-23-openproject-runtime-sizing-and-vault-single-node.md,2026-04-23,current,approved-with-findings,"runtime, secrets",shared-platform-control-plane-and-secrets,"platform-engineering/environments/shared/argocd/vault-app.yaml, platform-engineering/ansible/group_vars/all/main.yml, platform-engineering/docs/runbooks/vault-recovery.md"
component,workspace-governance-control-fabric,workspace-governance-control-fabric,component,docs/reviews/components/2026-04-30-workspace-governance-control-fabric-operator-surface.md,2026-04-30,2026-10-30,active,approved-with-findings,docs/reviews/components/2026-10-08-proposal-target-application-trust-boundary.md,2026-10-08,current,approved,"identity, secrets, delivery, runtime","proposal-target-public-source-prepublication-admission, proposal-target-private-to-public-projection, proposal-target-exact-owner-contract-v2, proposal-target-controlled-activation-order","operator-orchestration-service/contracts/proposal-target-application/manifest.json, operator-orchestration-service/contracts/proposal-target-application/request.schema.json, operator-orchestration-service/src/proposal-target-application/service.js, workspace-prototype-studio/contracts/proposal-target-application/request.schema.json"
